Kanal;Brend;Tip para;Kosinusna slicnost;Skor
Hannah - The Outfit Repeater;ThredUp;stvarni;0.3769;100.0
Abbey Yung;Function of Beauty;stvarni;0.3767;100.0
Carrie Dayton;ThredUp;stvarni;0.3706;97.88
Hazel Goddesss;Function of Beauty;stvarni;0.369;97.32
Bekah & Co.;Function of Beauty;stvarni;0.3172;79.3
Morgan Donner;ThredUp;stvarni;0.3207;80.51
Hannah Harrell;Function of Beauty;ukrsteni;0.2788;65.94
Mia Maples;Function of Beauty;ukrsteni;0.2638;60.72
Mia Maples;ThredUp;stvarni;0.3041;74.74
TomKat Stitchery;ThredUp;ukrsteni;0.282;67.05
aliyah simone;Function of Beauty;ukrsteni;0.2379;51.7
Kenna;Function of Beauty;stvarni;0.2352;50.77
Doctor Mike;Audible;stvarni;0.2343;50.45
Gibi ASMR;Audible;stvarni;0.2318;49.58
Jenna Hong;Function of Beauty;ukrsteni;0.231;49.3
Dr Dray;Function of Beauty;stvarni;0.2431;53.51
Carrie Dayton;Function of Beauty;ukrsteni;0.2247;47.11
Plant Based Bride;Audible;ukrsteni;0.2805;66.53
Dong ASMR;Audible;stvarni;0.2195;45.3
The Bite Shot;Skillshare;stvarni;0.2649;61.1
Jenna Hong;ThredUp;ukrsteni;0.2426;53.34
Sailing La Vagabonde;Audible;stvarni;0.226;47.56
Katnipp;Function of Beauty;ukrsteni;0.2058;40.54
Carrie Dayton;Audible;ukrsteni;0.2093;41.75
TomKat Stitchery;Function of Beauty;ukrsteni;0.2012;38.94
Emma Chamberlain;Function of Beauty;ukrsteni;0.201;38.87
Primink;Audible;ukrsteni;0.2007;38.76
Strange Parts;Audible;stvarni;0.2118;42.62
Dr Dray;Audible;ukrsteni;0.1977;37.72
aliyah simone;Audible;ukrsteni;0.1979;37.79
Danielle Kirsty;Function of Beauty;ukrsteni;0.251;56.26
Mia Maples;Audible;ukrsteni;0.2209;45.79
Anjeez;Function of Beauty;stvarni;0.1949;36.74
Jazza;Skillshare;ukrsteni;0.2302;49.03
Abby Cox;ThredUp;ukrsteni;0.2626;60.3
Anjeez;Audible;ukrsteni;0.1927;35.98
Morgan Donner;Function of Beauty;ukrsteni;0.1839;32.92
Ellen Fisher;Function of Beauty;ukrsteni;0.2093;41.75
Danielle Kirsty;Audible;stvarni;0.1792;31.28
Katnipp;ThredUp;ukrsteni;0.2008;38.8
Abby Cox;Function of Beauty;stvarni;0.1779;30.83
Katnipp;Skillshare;stvarni;0.2232;46.59
Jenna Hong;Audible;ukrsteni;0.1904;35.18
The Bite Shot;Audible;ukrsteni;0.1712;28.5
Jazza;Audible;stvarni;0.2124;42.83
Jenna Hong;Skillshare;stvarni;0.213;43.04
Hannah Harrell;Audible;ukrsteni;0.1908;35.32
REGRETLYSS;Audible;ukrsteni;0.1934;36.22
Abby Cox;Audible;ukrsteni;0.1726;28.98
Irene Rudnyk;Function of Beauty;ukrsteni;0.1702;28.15
Hannah Harrell;ThredUp;stvarni;0.2236;46.73
Bekah & Co.;Skillshare;ukrsteni;0.1969;37.44
KianAndJc;Audible;stvarni;0.2013;38.97
Rachel Maksy;Function of Beauty;ukrsteni;0.1642;26.06
Mia Maples;Skillshare;ukrsteni;0.2164;44.22
The Bite Shot;Function of Beauty;ukrsteni;0.1635;25.82
Hannah - The Outfit Repeater;Function of Beauty;ukrsteni;0.1634;25.78
Ellen Fisher;Audible;ukrsteni;0.1971;37.51
Irene Rudnyk;Skillshare;stvarni;0.2133;43.15
Rachel Maksy;ThredUp;stvarni;0.2005;38.69
Rachel Maksy;Audible;ukrsteni;0.1584;24.04
Kenna;Audible;ukrsteni;0.1594;24.39
Emma Chamberlain;Audible;ukrsteni;0.1783;30.97
Gibi ASMR;Skillshare;ukrsteni;0.1957;37.02
Strange Parts;Skillshare;ukrsteni;0.2014;39.0
Katnipp;Audible;ukrsteni;0.1707;28.32
Primink;Function of Beauty;ukrsteni;0.1903;35.14
Gibi ASMR;Function of Beauty;ukrsteni;0.1923;35.84
Ellen Fisher;Skillshare;ukrsteni;0.2074;41.09
aliyah simone;Skillshare;stvarni;0.2095;41.82
Morgan Donner;Audible;ukrsteni;0.1626;25.5
Kenna;Skillshare;ukrsteni;0.2058;40.54
Hannah - The Outfit Repeater;Audible;ukrsteni;0.1543;22.62
Eric Rosen;Skillshare;ukrsteni;0.1685;27.56
Strange Parts;Function of Beauty;ukrsteni;0.1736;29.33
Danielle Kirsty;Skillshare;ukrsteni;0.1743;29.58
Bekah & Co.;Audible;ukrsteni;0.1658;26.62
Hannah Harrell;Skillshare;ukrsteni;0.1837;32.85
Irene Rudnyk;Audible;ukrsteni;0.1392;17.36
Abbey Yung;Skillshare;ukrsteni;0.2025;39.39
Sailing La Vagabonde;ThredUp;ukrsteni;0.1683;27.49
Emma Chamberlain;ThredUp;stvarni;0.1815;32.08
TomKat Stitchery;Skillshare;stvarni;0.1786;31.07
Strange Parts;ThredUp;ukrsteni;0.1965;37.3
REGRETLYSS;Function of Beauty;ukrsteni;0.1264;12.91
Morgan Donner;Skillshare;ukrsteni;0.1645;26.17
Primink;ThredUp;ukrsteni;0.2128;42.97
aliyah simone;ThredUp;ukrsteni;0.1924;35.87
Sailing La Vagabonde;Function of Beauty;ukrsteni;0.1182;10.06
Irene Rudnyk;ThredUp;ukrsteni;0.1643;26.1
Dong ASMR;Skillshare;ukrsteni;0.1408;17.92
Dr Dray;Skillshare;ukrsteni;0.1837;32.85
Rachel Maksy;Skillshare;ukrsteni;0.1753;29.92
Carrie Dayton;Skillshare;ukrsteni;0.1758;30.1
Abbey Yung;Audible;ukrsteni;0.1801;31.59
Anjeez;Skillshare;ukrsteni;0.1711;28.46
The Bite Shot;ThredUp;ukrsteni;0.1651;26.37
THE WADS;Audible;ukrsteni;0.1326;15.07
Ellen Fisher;ThredUp;stvarni;0.2063;40.71
Doctor Mike;Skillshare;ukrsteni;0.1744;29.61
KianAndJc;Skillshare;ukrsteni;0.1646;26.2
Jazza;Function of Beauty;ukrsteni;0.1559;23.17
Hazel Goddesss;ThredUp;ukrsteni;0.2007;38.76
Anjeez;ThredUp;ukrsteni;0.1813;32.01
KianAndJc;Function of Beauty;ukrsteni;0.136;16.25
Eric Rosen;Audible;stvarni;0.1517;21.71
REGRETLYSS;Skillshare;stvarni;0.1534;22.3
TomKat Stitchery;Audible;ukrsteni;0.1403;17.75
Abbey Yung;ThredUp;ukrsteni;0.1941;36.46
Hannah - The Outfit Repeater;Skillshare;ukrsteni;0.1552;22.93
Hazel Goddesss;Skillshare;ukrsteni;0.1711;28.46
Kenna;ThredUp;ukrsteni;0.1577;23.8
Doctor Mike;Function of Beauty;ukrsteni;0.1249;12.39
THE WADS;Function of Beauty;ukrsteni;0.0893;0.0
Plant Based Bride;ThredUp;ukrsteni;0.1841;32.99
REGRETLYSS;ThredUp;ukrsteni;0.1339;15.52
Plant Based Bride;Function of Beauty;ukrsteni;0.141;17.99
Sailing La Vagabonde;Skillshare;ukrsteni;0.1301;14.2
Hazel Goddesss;Audible;ukrsteni;0.1529;22.13
Primink;Skillshare;stvarni;0.1535;22.34
Bekah & Co.;ThredUp;ukrsteni;0.179;31.21
Danielle Kirsty;ThredUp;ukrsteni;0.1793;31.32
Dong ASMR;Function of Beauty;ukrsteni;0.1273;13.22
KianAndJc;ThredUp;ukrsteni;0.1773;30.62
Emma Chamberlain;Skillshare;ukrsteni;0.1358;16.18
Dr Dray;ThredUp;ukrsteni;0.1652;26.41
THE WADS;Skillshare;ukrsteni;0.1215;11.2
Jazza;ThredUp;ukrsteni;0.1425;18.51
Plant Based Bride;Skillshare;stvarni;0.1469;20.04
Abby Cox;Skillshare;ukrsteni;0.132;14.86
Gibi ASMR;ThredUp;ukrsteni;0.1415;18.16
THE WADS;ThredUp;stvarni;0.1009;4.04
Eric Rosen;Function of Beauty;ukrsteni;0.0815;0.0
Dong ASMR;ThredUp;ukrsteni;0.0793;0.0
Eric Rosen;ThredUp;ukrsteni;0.0815;0.0
Doctor Mike;ThredUp;ukrsteni;0.0886;0.0
